{
  "results": {
    "flan-t5-small": {
      "model": "google/flan-t5-small",
      "rag": {
        "em": {
          "mean": 0.4666666666666667,
          "lo": 0.38666666666666666,
          "hi": 0.5466666666666666,
          "n": 150
        },
        "f1": {
          "mean": 0.5291010101010102,
          "lo": 0.45510790043290045,
          "hi": 0.5983285353535354,
          "n": 150
        }
      },
      "no_rag": {
        "em": {
          "mean": 0.02666666666666667,
          "lo": 0.006666666666666667,
          "hi": 0.05333333333333334,
          "n": 150
        },
        "f1": {
          "mean": 0.06414814814814813,
          "lo": 0.03547407407407408,
          "hi": 0.10044629629629628,
          "n": 150
        }
      },
      "delta_em": 0.44,
      "delta_counts": {
        "helps": 67,
        "hurts": 1,
        "ties": 82
      }
    },
    "flan-t5-base": {
      "model": "google/flan-t5-base",
      "rag": {
        "em": {
          "mean": 0.6,
          "lo": 0.52,
          "hi": 0.6733333333333333,
          "n": 150
        },
        "f1": {
          "mean": 0.6609782114257817,
          "lo": 0.5905145295762303,
          "hi": 0.7324331959837074,
          "n": 150
        }
      },
      "no_rag": {
        "em": {
          "mean": 0.05333333333333334,
          "lo": 0.02,
          "hi": 0.09333333333333334,
          "n": 150
        },
        "f1": {
          "mean": 0.104015873015873,
          "lo": 0.0638218253968254,
          "hi": 0.14659761904761906,
          "n": 150
        }
      },
      "delta_em": 0.5466666666666666,
      "delta_counts": {
        "helps": 83,
        "hurts": 1,
        "ties": 66
      }
    },
    "flan-t5-large": {
      "model": "google/flan-t5-large",
      "rag": {
        "em": {
          "mean": 0.6333333333333333,
          "lo": 0.56,
          "hi": 0.7133333333333334,
          "n": 150
        },
        "f1": {
          "mean": 0.6967142857142857,
          "lo": 0.6250706349206349,
          "hi": 0.7685611111111111,
          "n": 150
        }
      },
      "no_rag": {
        "em": {
          "mean": 0.11333333333333333,
          "lo": 0.06666666666666667,
          "hi": 0.16666666666666666,
          "n": 150
        },
        "f1": {
          "mean": 0.15157142857142858,
          "lo": 0.10071031746031746,
          "hi": 0.20759801587301588,
          "n": 150
        }
      },
      "delta_em": 0.52,
      "delta_counts": {
        "helps": 81,
        "hurts": 3,
        "ties": 66
      }
    }
  }
}