{
  "results": {
    "minilm-l6": {
      "em": {
        "mean": 0.6225,
        "lo": 0.5775,
        "hi": 0.6725625,
        "n": 400
      },
      "f1": {
        "mean": 0.6800918444655656,
        "lo": 0.6385214568147114,
        "hi": 0.7241418775269559,
        "n": 400
      },
      "recall_at_k": {
        "mean": 0.8775,
        "lo": 0.845,
        "hi": 0.9075,
        "n": 400
      },
      "model_name": "sentence-transformers/all-MiniLM-L6-v2"
    },
    "bge-small": {
      "em": {
        "mean": 0.62,
        "lo": 0.575,
        "hi": 0.665,
        "n": 400
      },
      "f1": {
        "mean": 0.6730714457821236,
        "lo": 0.6328944989446829,
        "hi": 0.7135418148640575,
        "n": 400
      },
      "recall_at_k": {
        "mean": 0.905,
        "lo": 0.875,
        "hi": 0.9325,
        "n": 400
      },
      "model_name": "BAAI/bge-small-en-v1.5"
    },
    "e5-small": {
      "em": {
        "mean": 0.61,
        "lo": 0.565,
        "hi": 0.6575,
        "n": 400
      },
      "f1": {
        "mean": 0.6630738518727649,
        "lo": 0.6191521297995483,
        "hi": 0.7063823004893657,
        "n": 400
      },
      "recall_at_k": {
        "mean": 0.915,
        "lo": 0.885,
        "hi": 0.94,
        "n": 400
      },
      "model_name": "intfloat/e5-small-v2"
    }
  }
}