{
  "n_corpus_docs": 3216,
  "n_chunks": 99489,
  "metrics": {
    "em": {
      "mean": 0.5986666666666667,
      "lo": 0.5653333333333334,
      "hi": 0.6333333333333333,
      "n": 750
    },
    "f1": {
      "mean": 0.6668384017043864,
      "lo": 0.6348689449335359,
      "hi": 0.6994219426982982,
      "n": 750
    },
    "recall_at_k": {
      "mean": 0.8653333333333333,
      "lo": 0.8413333333333334,
      "hi": 0.888,
      "n": 750
    }
  },
  "timing": {
    "retrieval_s": 4.1,
    "generation_s": 46.21,
    "total_s": 63.43,
    "n_questions": 750,
    "cache_hits": 0,
    "cache_misses": 750,
    "prompt_tokens_mean": 1078.9453333333333,
    "prompt_tokens_max": 1617,
    "prompt_tokens_budget": 1024,
    "final_tokens_mean": 1003.6706666666666,
    "final_tokens_max": 1024,
    "prompts_truncated": 511,
    "n_prompts": 750,
    "nominal_k": 5,
    "effective_k_mean": 4.942666666666667,
    "effective_k_min": 3,
    "effective_k_max": 5,
    "n_prompts_partial_k": 41,
    "n_rag_prompts": 750
  }
}