{
  "n_corpus_docs": 7715,
  "n_chunks": 106433,
  "metrics": {
    "em": {
      "mean": 0.6,
      "lo": 0.5653333333333334,
      "hi": 0.6346666666666667,
      "n": 750
    },
    "f1": {
      "mean": 0.6666142554802401,
      "lo": 0.6347107889041904,
      "hi": 0.6986237220518423,
      "n": 750
    },
    "recall_at_k": {
      "mean": 0.8653333333333333,
      "lo": 0.8413333333333334,
      "hi": 0.888,
      "n": 750
    }
  },
  "timing": {
    "retrieval_s": 4.21,
    "generation_s": 46.37,
    "total_s": 63.8,
    "n_questions": 750,
    "cache_hits": 0,
    "cache_misses": 750,
    "prompt_tokens_mean": 1073.8066666666666,
    "prompt_tokens_max": 1617,
    "prompt_tokens_budget": 1024,
    "final_tokens_mean": 1000.4986666666666,
    "final_tokens_max": 1024,
    "prompts_truncated": 499,
    "n_prompts": 750,
    "nominal_k": 5,
    "effective_k_mean": 4.944,
    "effective_k_min": 3,
    "effective_k_max": 5,
    "n_prompts_partial_k": 40,
    "n_rag_prompts": 750
  }
}