{
  "n_corpus_docs": 4716,
  "n_chunks": 101848,
  "metrics": {
    "em": {
      "mean": 0.6,
      "lo": 0.5666666666666667,
      "hi": 0.6346666666666667,
      "n": 750
    },
    "f1": {
      "mean": 0.6681717350377196,
      "lo": 0.6366546639966078,
      "hi": 0.7004601554512554,
      "n": 750
    },
    "recall_at_k": {
      "mean": 0.8653333333333333,
      "lo": 0.8413333333333334,
      "hi": 0.888,
      "n": 750
    }
  },
  "timing": {
    "retrieval_s": 4.11,
    "generation_s": 46.34,
    "total_s": 63.73,
    "n_questions": 750,
    "cache_hits": 0,
    "cache_misses": 750,
    "prompt_tokens_mean": 1077.684,
    "prompt_tokens_max": 1617,
    "prompt_tokens_budget": 1024,
    "final_tokens_mean": 1002.4373333333333,
    "final_tokens_max": 1024,
    "prompts_truncated": 508,
    "n_prompts": 750,
    "nominal_k": 5,
    "effective_k_mean": 4.942666666666667,
    "effective_k_min": 3,
    "effective_k_max": 5,
    "n_prompts_partial_k": 41,
    "n_rag_prompts": 750
  }
}