{
  "results": {
    "0": {
      "em": {
        "mean": 0.6728971962616822,
        "lo": 0.6395193591455274,
        "hi": 0.7076101468624834,
        "n": 749
      },
      "f1": {
        "mean": 0.7446964398900313,
        "lo": 0.7141177678944702,
        "hi": 0.7755073720227258,
        "n": 749
      },
      "recall_at_k": {
        "mean": 1.0,
        "lo": 1.0,
        "hi": 1.0,
        "n": 749
      }
    },
    "1": {
      "em": {
        "mean": 0.616822429906542,
        "lo": 0.582109479305741,
        "hi": 0.6515353805073432,
        "n": 749
      },
      "f1": {
        "mean": 0.6801860823925332,
        "lo": 0.6488436383064309,
        "hi": 0.713272879826706,
        "n": 749
      },
      "recall_at_k": {
        "mean": 1.0,
        "lo": 1.0,
        "hi": 1.0,
        "n": 749
      }
    },
    "2": {
      "em": {
        "mean": 0.5901201602136181,
        "lo": 0.5540720961281709,
        "hi": 0.6248664886515354,
        "n": 749
      },
      "f1": {
        "mean": 0.6561234487637906,
        "lo": 0.6224361059749007,
        "hi": 0.6871053510000433,
        "n": 749
      },
      "recall_at_k": {
        "mean": 1.0,
        "lo": 1.0,
        "hi": 1.0,
        "n": 749
      }
    },
    "4": {
      "em": {
        "mean": 0.57543391188251,
        "lo": 0.540720961281709,
        "hi": 0.6101468624833111,
        "n": 749
      },
      "f1": {
        "mean": 0.6445517630808846,
        "lo": 0.6118285402466288,
        "hi": 0.6741518462513353,
        "n": 749
      },
      "recall_at_k": {
        "mean": 1.0,
        "lo": 1.0,
        "hi": 1.0,
        "n": 749
      }
    },
    "8": {
      "em": {
        "mean": 0.5580774365821095,
        "lo": 0.5219959946595462,
        "hi": 0.5941255006675568,
        "n": 749
      },
      "f1": {
        "mean": 0.6290535668333516,
        "lo": 0.5933890451808459,
        "hi": 0.6608704034845754,
        "n": 749
      },
      "recall_at_k": {
        "mean": 1.0,
        "lo": 1.0,
        "hi": 1.0,
        "n": 749
      }
    }
  },
  "n_excluded": 1
}