{
  "results": {
    "bm25": {
      "em": {
        "mean": 0.56,
        "lo": 0.46,
        "hi": 0.65,
        "n": 100
      },
      "f1": {
        "mean": 0.6243333333333333,
        "lo": 0.53465,
        "hi": 0.7113499999999999,
        "n": 100
      },
      "recall_at_k": {
        "mean": 0.82,
        "lo": 0.75,
        "hi": 0.89,
        "n": 100
      },
      "timing": {
        "retrieval_s": 9.81,
        "generation_s": 116.88,
        "total_s": 127.02,
        "n_questions": 100,
        "cache_hits": 8,
        "cache_misses": 92
      }
    },
    "tfidf": {
      "em": {
        "mean": 0.59,
        "lo": 0.5,
        "hi": 0.6802499999999998,
        "n": 100
      },
      "f1": {
        "mean": 0.6641666666666667,
        "lo": 0.5829958333333333,
        "hi": 0.7460083333333334,
        "n": 100
      },
      "recall_at_k": {
        "mean": 0.94,
        "lo": 0.89,
        "hi": 0.98,
        "n": 100
      },
      "timing": {
        "retrieval_s": 9.62,
        "generation_s": 113.62,
        "total_s": 123.55,
        "n_questions": 100,
        "cache_hits": 12,
        "cache_misses": 88
      }
    },
    "dense": {
      "em": {
        "mean": 0.49,
        "lo": 0.39,
        "hi": 0.59,
        "n": 100
      },
      "f1": {
        "mean": 0.5589285714285714,
        "lo": 0.4747577380952381,
        "hi": 0.6489452380952381,
        "n": 100
      },
      "recall_at_k": {
        "mean": 0.94,
        "lo": 0.89,
        "hi": 0.98,
        "n": 100
      },
      "timing": {
        "retrieval_s": 1.95,
        "generation_s": 75.87,
        "total_s": 78.08,
        "n_questions": 100,
        "cache_hits": 46,
        "cache_misses": 54
      }
    }
  }
}