{
  "results": {
    "bm25": {
      "em": {
        "mean": 0.61,
        "lo": 0.51,
        "hi": 0.7,
        "n": 100
      },
      "f1": {
        "mean": 0.6650952380952382,
        "lo": 0.577327380952381,
        "hi": 0.7487023809523808,
        "n": 100
      },
      "recall_at_k": {
        "mean": 0.82,
        "lo": 0.74,
        "hi": 0.89,
        "n": 100
      },
      "timing": {
        "retrieval_s": 12.32,
        "generation_s": 291.32,
        "total_s": 311.27,
        "n_questions": 100,
        "cache_hits": 0,
        "cache_misses": 100,
        "prompt_tokens_mean": 1048.53,
        "prompt_tokens_max": 1359,
        "prompt_tokens_budget": 1024,
        "prompts_truncated": 59,
        "n_prompts": 100
      }
    },
    "tfidf": {
      "em": {
        "mean": 0.71,
        "lo": 0.61,
        "hi": 0.8,
        "n": 100
      },
      "f1": {
        "mean": 0.7663333333333334,
        "lo": 0.6813166666666667,
        "hi": 0.8413333333333334,
        "n": 100
      },
      "recall_at_k": {
        "mean": 0.93,
        "lo": 0.88,
        "hi": 0.98,
        "n": 100
      },
      "timing": {
        "retrieval_s": 19.82,
        "generation_s": 274.73,
        "total_s": 295.76,
        "n_questions": 100,
        "cache_hits": 0,
        "cache_misses": 100,
        "prompt_tokens_mean": 1029.78,
        "prompt_tokens_max": 1417,
        "prompt_tokens_budget": 1024,
        "prompts_truncated": 53,
        "n_prompts": 100
      }
    },
    "dense": {
      "em": {
        "mean": 0.67,
        "lo": 0.58,
        "hi": 0.76,
        "n": 100
      },
      "f1": {
        "mean": 0.7234285714285714,
        "lo": 0.6420869047619048,
        "hi": 0.803767857142857,
        "n": 100
      },
      "recall_at_k": {
        "mean": 0.94,
        "lo": 0.89,
        "hi": 0.98,
        "n": 100
      },
      "timing": {
        "retrieval_s": 1.79,
        "generation_s": 263.47,
        "total_s": 266.05,
        "n_questions": 100,
        "cache_hits": 0,
        "cache_misses": 100,
        "prompt_tokens_mean": 1042.54,
        "prompt_tokens_max": 1295,
        "prompt_tokens_budget": 1024,
        "prompts_truncated": 59,
        "n_prompts": 100
      }
    }
  }
}