{
  "results": {
    "flan-t5-small": {
      "model": "google/flan-t5-small",
      "rag": {
        "em": {
          "mean": 0.51,
          "lo": 0.4,
          "hi": 0.61,
          "n": 100
        },
        "f1": {
          "mean": 0.5629761904761904,
          "lo": 0.46413035714285716,
          "hi": 0.6483333333333333,
          "n": 100
        }
      },
      "no_rag": {
        "em": {
          "mean": 0.0,
          "lo": 0.0,
          "hi": 0.0,
          "n": 100
        },
        "f1": {
          "mean": 0.037222222222222226,
          "lo": 0.015,
          "hi": 0.06289722222222222,
          "n": 100
        }
      },
      "delta_em": 0.51,
      "delta_counts": {
        "helps": 51,
        "hurts": 0,
        "ties": 49
      }
    },
    "flan-t5-base": {
      "model": "google/flan-t5-base",
      "rag": {
        "em": {
          "mean": 0.59,
          "lo": 0.49,
          "hi": 0.68,
          "n": 100
        },
        "f1": {
          "mean": 0.6651533074768369,
          "lo": 0.5744685924369748,
          "hi": 0.7491114819004524,
          "n": 100
        }
      },
      "no_rag": {
        "em": {
          "mean": 0.01,
          "lo": 0.0,
          "hi": 0.03,
          "n": 100
        },
        "f1": {
          "mean": 0.05835714285714286,
          "lo": 0.02548750000000001,
          "hi": 0.09851249999999998,
          "n": 100
        }
      },
      "delta_em": 0.58,
      "delta_counts": {
        "helps": 58,
        "hurts": 0,
        "ties": 42
      }
    },
    "flan-t5-large": {
      "model": "google/flan-t5-large",
      "rag": {
        "em": {
          "mean": 0.62,
          "lo": 0.52,
          "hi": 0.71,
          "n": 100
        },
        "f1": {
          "mean": 0.7061190476190476,
          "lo": 0.6186315476190477,
          "hi": 0.783730357142857,
          "n": 100
        }
      },
      "no_rag": {
        "em": {
          "mean": 0.08,
          "lo": 0.03,
          "hi": 0.13024999999999978,
          "n": 100
        },
        "f1": {
          "mean": 0.13335714285714284,
          "lo": 0.0793511904761905,
          "hi": 0.19220714285714285,
          "n": 100
        }
      },
      "delta_em": 0.54,
      "delta_counts": {
        "helps": 56,
        "hurts": 2,
        "ties": 42
      }
    }
  }
}