{
  "results": {
    "minilm-l6": {
      "em": {
        "mean": 0.59,
        "lo": 0.49,
        "hi": 0.68,
        "n": 100
      },
      "f1": {
        "mean": 0.6651533074768369,
        "lo": 0.5744685924369748,
        "hi": 0.7491114819004524,
        "n": 100
      },
      "recall_at_k": {
        "mean": 0.9,
        "lo": 0.84,
        "hi": 0.96,
        "n": 100
      },
      "model_name": "sentence-transformers/all-MiniLM-L6-v2"
    },
    "bge-small": {
      "em": {
        "mean": 0.6,
        "lo": 0.5,
        "hi": 0.7,
        "n": 100
      },
      "f1": {
        "mean": 0.6569254049445865,
        "lo": 0.5573288469735721,
        "hi": 0.7413947037510655,
        "n": 100
      },
      "recall_at_k": {
        "mean": 0.9,
        "lo": 0.84,
        "hi": 0.9502499999999997,
        "n": 100
      },
      "model_name": "BAAI/bge-small-en-v1.5"
    },
    "e5-small": {
      "em": {
        "mean": 0.6,
        "lo": 0.5,
        "hi": 0.69,
        "n": 100
      },
      "f1": {
        "mean": 0.654072463768116,
        "lo": 0.5605257246376811,
        "hi": 0.7351597826086959,
        "n": 100
      },
      "recall_at_k": {
        "mean": 0.9,
        "lo": 0.84,
        "hi": 0.95,
        "n": 100
      },
      "model_name": "intfloat/e5-small-v2"
    }
  }
}