{
  "results": {
    "minilm-l6": {
      "em": {
        "mean": 0.63,
        "lo": 0.55,
        "hi": 0.73,
        "n": 100
      },
      "f1": {
        "mean": 0.6780952380952381,
        "lo": 0.6040404761904762,
        "hi": 0.7636749999999999,
        "n": 100
      },
      "recall_at_k": {
        "mean": 0.94,
        "lo": 0.89,
        "hi": 0.98,
        "n": 100
      },
      "model_name": "sentence-transformers/all-MiniLM-L6-v2"
    },
    "bge-small": {
      "em": {
        "mean": 0.65,
        "lo": 0.55,
        "hi": 0.74,
        "n": 100
      },
      "f1": {
        "mean": 0.7165384615384615,
        "lo": 0.6263967948717949,
        "hi": 0.7938801282051282,
        "n": 100
      },
      "recall_at_k": {
        "mean": 0.94,
        "lo": 0.89,
        "hi": 0.98,
        "n": 100
      },
      "model_name": "BAAI/bge-small-en-v1.5"
    },
    "e5-small": {
      "em": {
        "mean": 0.73,
        "lo": 0.64,
        "hi": 0.81,
        "n": 100
      },
      "f1": {
        "mean": 0.7855714285714285,
        "lo": 0.7035488095238096,
        "hi": 0.8575988095238096,
        "n": 100
      },
      "recall_at_k": {
        "mean": 0.97,
        "lo": 0.93,
        "hi": 1.0,
        "n": 100
      },
      "model_name": "intfloat/e5-small-v2"
    }
  }
}