{
  "results": {
    "bm25": {
      "em": {
        "mean": 0.176,
        "lo": 0.14,
        "hi": 0.21,
        "n": 500
      },
      "f1": {
        "mean": 0.22948573696017013,
        "lo": 0.19584708283642793,
        "hi": 0.263108851234418,
        "n": 500
      },
      "recall_at_k": {
        "mean": 0.688,
        "lo": 0.652,
        "hi": 0.73,
        "n": 500
      },
      "timing": {
        "retrieval_s": 112.15,
        "generation_s": 0.01,
        "total_s": 112.97,
        "n_questions": 500
      }
    },
    "tfidf": {
      "em": {
        "mean": 0.192,
        "lo": 0.16,
        "hi": 0.228,
        "n": 500
      },
      "f1": {
        "mean": 0.2533333489155997,
        "lo": 0.21994638088275478,
        "hi": 0.28864323427024374,
        "n": 500
      },
      "recall_at_k": {
        "mean": 0.772,
        "lo": 0.73395,
        "hi": 0.80605,
        "n": 500
      },
      "timing": {
        "retrieval_s": 44.07,
        "generation_s": 772.37,
        "total_s": 818.72,
        "n_questions": 500
      }
    },
    "dense": {
      "em": {
        "mean": 0.204,
        "lo": 0.168,
        "hi": 0.238,
        "n": 500
      },
      "f1": {
        "mean": 0.2710556673461508,
        "lo": 0.23651087538838658,
        "hi": 0.3078598180993556,
        "n": 500
      },
      "recall_at_k": {
        "mean": 0.842,
        "lo": 0.8119500000000001,
        "hi": 0.874,
        "n": 500
      },
      "timing": {
        "retrieval_s": 3.4,
        "generation_s": 352.55,
        "total_s": 356.4,
        "n_questions": 500
      }
    }
  }
}