{
  "results": {
    "1": {
      "em": {
        "mean": 0.47,
        "lo": 0.37,
        "hi": 0.57,
        "n": 100
      },
      "f1": {
        "mean": 0.5381904761904761,
        "lo": 0.4476630952380952,
        "hi": 0.6304178571428571,
        "n": 100
      },
      "recall_at_k": {
        "mean": 0.63,
        "lo": 0.53,
        "hi": 0.73,
        "n": 100
      }
    },
    "3": {
      "em": {
        "mean": 0.59,
        "lo": 0.5,
        "hi": 0.68,
        "n": 100
      },
      "f1": {
        "mean": 0.6473383458646618,
        "lo": 0.561646679197995,
        "hi": 0.7321789473684209,
        "n": 100
      },
      "recall_at_k": {
        "mean": 0.86,
        "lo": 0.79,
        "hi": 0.9202499999999998,
        "n": 100
      }
    },
    "5": {
      "em": {
        "mean": 0.63,
        "lo": 0.55,
        "hi": 0.73,
        "n": 100
      },
      "f1": {
        "mean": 0.6780952380952381,
        "lo": 0.6040404761904762,
        "hi": 0.7636749999999999,
        "n": 100
      },
      "recall_at_k": {
        "mean": 0.94,
        "lo": 0.89,
        "hi": 0.98,
        "n": 100
      }
    },
    "10": {
      "em": {
        "mean": 0.61,
        "lo": 0.52,
        "hi": 0.7002499999999997,
        "n": 100
      },
      "f1": {
        "mean": 0.6647619047619047,
        "lo": 0.5844285714285715,
        "hi": 0.748792857142857,
        "n": 100
      },
      "recall_at_k": {
        "mean": 0.96,
        "lo": 0.92,
        "hi": 0.99,
        "n": 100
      }
    }
  }
}