{
  "results": {
    "1": {
      "em": {
        "mean": 0.408,
        "lo": 0.366,
        "hi": 0.452,
        "n": 500
      },
      "f1": {
        "mean": 0.4832697507755403,
        "lo": 0.44410538167096064,
        "hi": 0.5249954084804086,
        "n": 500
      },
      "recall_at_k": {
        "mean": 0.596,
        "lo": 0.552,
        "hi": 0.638,
        "n": 500
      }
    },
    "3": {
      "em": {
        "mean": 0.512,
        "lo": 0.47,
        "hi": 0.554,
        "n": 500
      },
      "f1": {
        "mean": 0.5899748962148963,
        "lo": 0.5517756984126985,
        "hi": 0.6293937777777777,
        "n": 500
      },
      "recall_at_k": {
        "mean": 0.788,
        "lo": 0.752,
        "hi": 0.824,
        "n": 500
      }
    },
    "5": {
      "em": {
        "mean": 0.204,
        "lo": 0.168,
        "hi": 0.238,
        "n": 500
      },
      "f1": {
        "mean": 0.2710556673461508,
        "lo": 0.23651087538838658,
        "hi": 0.3078598180993556,
        "n": 500
      },
      "recall_at_k": {
        "mean": 0.842,
        "lo": 0.8119500000000001,
        "hi": 0.874,
        "n": 500
      }
    },
    "10": {
      "em": {
        "mean": 0.016,
        "lo": 0.006,
        "hi": 0.028,
        "n": 500
      },
      "f1": {
        "mean": 0.06885046774036674,
        "lo": 0.05444341224759467,
        "hi": 0.08375070477263119,
        "n": 500
      },
      "recall_at_k": {
        "mean": 0.91,
        "lo": 0.884,
        "hi": 0.936,
        "n": 500
      }
    }
  }
}