{
  "results": {
    "1": {
      "em": {
        "mean": 0.41,
        "lo": 0.31,
        "hi": 0.51,
        "n": 100
      },
      "f1": {
        "mean": 0.5070954887218044,
        "lo": 0.42048822055137847,
        "hi": 0.5984402443609023,
        "n": 100
      },
      "recall_at_k": {
        "mean": 0.63,
        "lo": 0.53,
        "hi": 0.73,
        "n": 100
      }
    },
    "3": {
      "em": {
        "mean": 0.49,
        "lo": 0.39,
        "hi": 0.59,
        "n": 100
      },
      "f1": {
        "mean": 0.5589285714285714,
        "lo": 0.4747577380952381,
        "hi": 0.6489452380952381,
        "n": 100
      },
      "recall_at_k": {
        "mean": 0.86,
        "lo": 0.79,
        "hi": 0.9202499999999998,
        "n": 100
      }
    },
    "5": {
      "em": {
        "mean": 0.49,
        "lo": 0.39,
        "hi": 0.59,
        "n": 100
      },
      "f1": {
        "mean": 0.5589285714285714,
        "lo": 0.4747577380952381,
        "hi": 0.6489452380952381,
        "n": 100
      },
      "recall_at_k": {
        "mean": 0.94,
        "lo": 0.89,
        "hi": 0.98,
        "n": 100
      }
    },
    "10": {
      "em": {
        "mean": 0.49,
        "lo": 0.39,
        "hi": 0.59,
        "n": 100
      },
      "f1": {
        "mean": 0.5589285714285714,
        "lo": 0.4747577380952381,
        "hi": 0.6489452380952381,
        "n": 100
      },
      "recall_at_k": {
        "mean": 0.98,
        "lo": 0.95,
        "hi": 1.0,
        "n": 100
      }
    }
  }
}