{
  "results": {
    "1": {
      "em": {
        "mean": 0.35,
        "lo": 0.25,
        "hi": 0.44,
        "n": 100
      },
      "f1": {
        "mean": 0.3835391903531438,
        "lo": 0.28925204565030144,
        "hi": 0.47604537037037026,
        "n": 100
      },
      "recall_at_k": {
        "mean": 0.36,
        "lo": 0.26,
        "hi": 0.46,
        "n": 100
      }
    },
    "3": {
      "em": {
        "mean": 0.49,
        "lo": 0.4,
        "hi": 0.59,
        "n": 100
      },
      "f1": {
        "mean": 0.5441960784313725,
        "lo": 0.4486632352941176,
        "hi": 0.6372901960784313,
        "n": 100
      },
      "recall_at_k": {
        "mean": 0.67,
        "lo": 0.57,
        "hi": 0.76,
        "n": 100
      }
    },
    "5": {
      "em": {
        "mean": 0.53,
        "lo": 0.43,
        "hi": 0.62,
        "n": 100
      },
      "f1": {
        "mean": 0.5794848484848485,
        "lo": 0.4868098484848485,
        "hi": 0.6651840909090909,
        "n": 100
      },
      "recall_at_k": {
        "mean": 0.78,
        "lo": 0.69,
        "hi": 0.86,
        "n": 100
      }
    },
    "10": {
      "em": {
        "mean": 0.59,
        "lo": 0.5,
        "hi": 0.68,
        "n": 100
      },
      "f1": {
        "mean": 0.6457878787878788,
        "lo": 0.5595734848484849,
        "hi": 0.731644696969697,
        "n": 100
      },
      "recall_at_k": {
        "mean": 0.85,
        "lo": 0.7797500000000003,
        "hi": 0.91,
        "n": 100
      }
    }
  }
}