{
  "results": {
    "1": {
      "em": {
        "mean": 0.35,
        "lo": 0.25,
        "hi": 0.44024999999999975,
        "n": 100
      },
      "f1": {
        "mean": 0.42309320091673036,
        "lo": 0.3292578113063407,
        "hi": 0.5175096702317291,
        "n": 100
      },
      "recall_at_k": {
        "mean": 0.46,
        "lo": 0.36,
        "hi": 0.55,
        "n": 100
      }
    },
    "3": {
      "em": {
        "mean": 0.52,
        "lo": 0.41975000000000023,
        "hi": 0.62,
        "n": 100
      },
      "f1": {
        "mean": 0.5735830999066294,
        "lo": 0.47279894957983204,
        "hi": 0.6604768557422969,
        "n": 100
      },
      "recall_at_k": {
        "mean": 0.67,
        "lo": 0.57,
        "hi": 0.76,
        "n": 100
      }
    },
    "5": {
      "em": {
        "mean": 0.55,
        "lo": 0.45,
        "hi": 0.65,
        "n": 100
      },
      "f1": {
        "mean": 0.5953767507002802,
        "lo": 0.4982973155929038,
        "hi": 0.6866795051353876,
        "n": 100
      },
      "recall_at_k": {
        "mean": 0.76,
        "lo": 0.67,
        "hi": 0.84,
        "n": 100
      }
    },
    "10": {
      "em": {
        "mean": 0.57,
        "lo": 0.47,
        "hi": 0.67,
        "n": 100
      },
      "f1": {
        "mean": 0.6341388774624069,
        "lo": 0.5422175653594771,
        "hi": 0.7172984848484848,
        "n": 100
      },
      "recall_at_k": {
        "mean": 0.86,
        "lo": 0.79,
        "hi": 0.92,
        "n": 100
      }
    }
  }
}