{
  "results": {
    "1": {
      "em": {
        "mean": 0.47,
        "lo": 0.37,
        "hi": 0.57,
        "n": 100
      },
      "f1": {
        "mean": 0.5381904761904761,
        "lo": 0.4476630952380952,
        "hi": 0.6304178571428571,
        "n": 100
      },
      "recall_at_k": {
        "mean": 0.63,
        "lo": 0.53,
        "hi": 0.73,
        "n": 100
      }
    },
    "3": {
      "em": {
        "mean": 0.59,
        "lo": 0.5,
        "hi": 0.68,
        "n": 100
      },
      "f1": {
        "mean": 0.6473383458646618,
        "lo": 0.561646679197995,
        "hi": 0.7321789473684209,
        "n": 100
      },
      "recall_at_k": {
        "mean": 0.86,
        "lo": 0.79,
        "hi": 0.9202499999999998,
        "n": 100
      }
    },
    "5": {
      "em": {
        "mean": 0.67,
        "lo": 0.58,
        "hi": 0.76,
        "n": 100
      },
      "f1": {
        "mean": 0.7234285714285714,
        "lo": 0.6420869047619048,
        "hi": 0.803767857142857,
        "n": 100
      },
      "recall_at_k": {
        "mean": 0.94,
        "lo": 0.89,
        "hi": 0.98,
        "n": 100
      }
    },
    "10": {
      "em": {
        "mean": 0.64,
        "lo": 0.55,
        "hi": 0.74,
        "n": 100
      },
      "f1": {
        "mean": 0.6936666666666667,
        "lo": 0.607975,
        "hi": 0.7773749999999999,
        "n": 100
      },
      "recall_at_k": {
        "mean": 0.96,
        "lo": 0.92,
        "hi": 0.99,
        "n": 100
      }
    }
  }
}