{
  "results": {
    "1": {
      "em": {
        "mean": 0.43333333333333335,
        "lo": 0.396,
        "hi": 0.4667,
        "n": 750
      },
      "f1": {
        "mean": 0.4959717341482048,
        "lo": 0.461573260758849,
        "hi": 0.5292572567410803,
        "n": 750
      },
      "recall_at_k": {
        "mean": 0.47733333333333333,
        "lo": 0.444,
        "hi": 0.5107,
        "n": 750
      }
    },
    "3": {
      "em": {
        "mean": 0.5253333333333333,
        "lo": 0.49066666666666664,
        "hi": 0.56,
        "n": 750
      },
      "f1": {
        "mean": 0.5912950626715333,
        "lo": 0.5583421734148205,
        "hi": 0.6238312726706844,
        "n": 750
      },
      "recall_at_k": {
        "mean": 0.6826666666666666,
        "lo": 0.6506666666666666,
        "hi": 0.7160333333333333,
        "n": 750
      }
    },
    "5": {
      "em": {
        "mean": 0.5466666666666666,
        "lo": 0.512,
        "hi": 0.5813333333333334,
        "n": 750
      },
      "f1": {
        "mean": 0.6147482793459264,
        "lo": 0.582014394215806,
        "hi": 0.6475764117647059,
        "n": 750
      },
      "recall_at_k": {
        "mean": 0.768,
        "lo": 0.7386666666666667,
        "hi": 0.7986666666666666,
        "n": 750
      }
    },
    "10": {
      "em": {
        "mean": 0.5826666666666667,
        "lo": 0.5506666666666666,
        "hi": 0.6186666666666667,
        "n": 750
      },
      "f1": {
        "mean": 0.6487624307718425,
        "lo": 0.6172696139437903,
        "hi": 0.6805415504495504,
        "n": 750
      },
      "recall_at_k": {
        "mean": 0.8546666666666667,
        "lo": 0.8293333333333334,
        "hi": 0.8786666666666667,
        "n": 750
      }
    }
  }
}