{
  "results": {
    "concise": {
      "em": {
        "mean": 0.344,
        "lo": 0.304,
        "hi": 0.384,
        "n": 500
      },
      "f1": {
        "mean": 0.3966401251542428,
        "lo": 0.3578734524407907,
        "hi": 0.43407395665498605,
        "n": 500
      }
    },
    "instructed": {
      "em": {
        "mean": 0.204,
        "lo": 0.168,
        "hi": 0.238,
        "n": 500
      },
      "f1": {
        "mean": 0.2710556673461508,
        "lo": 0.23651087538838658,
        "hi": 0.3078598180993556,
        "n": 500
      }
    }
  }
}