{
  "results": {
    "concise": {
      "em": {
        "mean": 0.55,
        "lo": 0.46,
        "hi": 0.65,
        "n": 100
      },
      "f1": {
        "mean": 0.6112841628959276,
        "lo": 0.5260857767722474,
        "hi": 0.7013110784313725,
        "n": 100
      }
    },
    "instructed": {
      "em": {
        "mean": 0.67,
        "lo": 0.58,
        "hi": 0.76,
        "n": 100
      },
      "f1": {
        "mean": 0.7234285714285714,
        "lo": 0.6420869047619048,
        "hi": 0.803767857142857,
        "n": 100
      }
    }
  }
}