{
  "results": {
    "concise": {
      "em": {
        "mean": 0.616,
        "lo": 0.5813333333333334,
        "hi": 0.6520333333333334,
        "n": 750
      },
      "f1": {
        "mean": 0.6801140732905439,
        "lo": 0.6487167480776305,
        "hi": 0.7123557549857551,
        "n": 750
      }
    },
    "instructed": {
      "em": {
        "mean": 0.6,
        "lo": 0.5666666666666667,
        "hi": 0.6346666666666667,
        "n": 750
      },
      "f1": {
        "mean": 0.6681717350377196,
        "lo": 0.6366546639966078,
        "hi": 0.7004601554512554,
        "n": 750
      }
    }
  }
}