{
  "results": {
    "concise": {
      "em": {
        "mean": 0.62,
        "lo": 0.53,
        "hi": 0.71,
        "n": 100
      },
      "f1": {
        "mean": 0.6768671679197995,
        "lo": 0.5996224310776942,
        "hi": 0.7570840852130326,
        "n": 100
      }
    },
    "instructed": {
      "em": {
        "mean": 0.63,
        "lo": 0.55,
        "hi": 0.73,
        "n": 100
      },
      "f1": {
        "mean": 0.6780952380952381,
        "lo": 0.6040404761904762,
        "hi": 0.7636749999999999,
        "n": 100
      }
    }
  }
}