{
  "results": {
    "concise": {
      "em": {
        "mean": 0.55,
        "lo": 0.46,
        "hi": 0.65,
        "n": 100
      },
      "f1": {
        "mean": 0.6112841628959276,
        "lo": 0.5260857767722474,
        "hi": 0.7013110784313725,
        "n": 100
      }
    },
    "instructed": {
      "em": {
        "mean": 0.49,
        "lo": 0.39,
        "hi": 0.59,
        "n": 100
      },
      "f1": {
        "mean": 0.5589285714285714,
        "lo": 0.4747577380952381,
        "hi": 0.6489452380952381,
        "n": 100
      }
    }
  }
}