{
  "results": {
    "concise": {
      "em": {
        "mean": 0.6,
        "lo": 0.5,
        "hi": 0.69,
        "n": 100
      },
      "f1": {
        "mean": 0.6720818789054084,
        "lo": 0.583621040723982,
        "hi": 0.7513088585434173,
        "n": 100
      }
    },
    "instructed": {
      "em": {
        "mean": 0.59,
        "lo": 0.49,
        "hi": 0.68,
        "n": 100
      },
      "f1": {
        "mean": 0.6651533074768369,
        "lo": 0.5744685924369748,
        "hi": 0.7491114819004524,
        "n": 100
      }
    }
  }
}