{
  "results": {
    "0": {
      "em": {
        "mean": 0.68,
        "lo": 0.59,
        "hi": 0.77,
        "n": 100
      },
      "f1": {
        "mean": 0.7183333333333334,
        "lo": 0.6333333333333333,
        "hi": 0.7996833333333333,
        "n": 100
      },
      "recall_at_k": {
        "mean": 1.0,
        "lo": 1.0,
        "hi": 1.0,
        "n": 100
      }
    },
    "1": {
      "em": {
        "mean": 0.59,
        "lo": 0.49,
        "hi": 0.6802499999999998,
        "n": 100
      },
      "f1": {
        "mean": 0.6327142857142857,
        "lo": 0.5447059523809524,
        "hi": 0.7240488095238095,
        "n": 100
      },
      "recall_at_k": {
        "mean": 1.0,
        "lo": 1.0,
        "hi": 1.0,
        "n": 100
      }
    },
    "2": {
      "em": {
        "mean": 0.57,
        "lo": 0.48,
        "hi": 0.67,
        "n": 100
      },
      "f1": {
        "mean": 0.634847619047619,
        "lo": 0.5524140476190476,
        "hi": 0.7177154761904763,
        "n": 100
      },
      "recall_at_k": {
        "mean": 1.0,
        "lo": 1.0,
        "hi": 1.0,
        "n": 100
      }
    },
    "4": {
      "em": {
        "mean": 0.53,
        "lo": 0.43,
        "hi": 0.63,
        "n": 100
      },
      "f1": {
        "mean": 0.584047619047619,
        "lo": 0.49638095238095237,
        "hi": 0.6770166666666666,
        "n": 100
      },
      "recall_at_k": {
        "mean": 1.0,
        "lo": 1.0,
        "hi": 1.0,
        "n": 100
      }
    },
    "8": {
      "em": {
        "mean": 0.5,
        "lo": 0.41,
        "hi": 0.6,
        "n": 100
      },
      "f1": {
        "mean": 0.5645324675324676,
        "lo": 0.4789940476190476,
        "hi": 0.659646645021645,
        "n": 100
      },
      "recall_at_k": {
        "mean": 1.0,
        "lo": 1.0,
        "hi": 1.0,
        "n": 100
      }
    }
  },
  "n_excluded": 0
}