{
  "results": {
    "0": {
      "em": {
        "mean": 0.68,
        "lo": 0.59,
        "hi": 0.77,
        "n": 100
      },
      "f1": {
        "mean": 0.7183333333333334,
        "lo": 0.6333333333333333,
        "hi": 0.7996833333333333,
        "n": 100
      },
      "recall_at_k": {
        "mean": 1.0,
        "lo": 1.0,
        "hi": 1.0,
        "n": 100
      }
    },
    "1": {
      "em": {
        "mean": 0.59,
        "lo": 0.49,
        "hi": 0.6802499999999998,
        "n": 100
      },
      "f1": {
        "mean": 0.6336666666666667,
        "lo": 0.5406416666666667,
        "hi": 0.7220166666666666,
        "n": 100
      },
      "recall_at_k": {
        "mean": 1.0,
        "lo": 1.0,
        "hi": 1.0,
        "n": 100
      }
    },
    "2": {
      "em": {
        "mean": 0.57,
        "lo": 0.47,
        "hi": 0.67,
        "n": 100
      },
      "f1": {
        "mean": 0.6296666666666667,
        "lo": 0.5426416666666667,
        "hi": 0.7140166666666667,
        "n": 100
      },
      "recall_at_k": {
        "mean": 1.0,
        "lo": 1.0,
        "hi": 1.0,
        "n": 100
      }
    },
    "4": {
      "em": {
        "mean": 0.47,
        "lo": 0.37975000000000025,
        "hi": 0.57,
        "n": 100
      },
      "f1": {
        "mean": 0.5232828282828282,
        "lo": 0.4331502525252525,
        "hi": 0.6193159090909091,
        "n": 100
      },
      "recall_at_k": {
        "mean": 1.0,
        "lo": 1.0,
        "hi": 1.0,
        "n": 100
      }
    },
    "8": {
      "em": {
        "mean": 0.48,
        "lo": 0.38,
        "hi": 0.58,
        "n": 100
      },
      "f1": {
        "mean": 0.5489653679653679,
        "lo": 0.45697283549783557,
        "hi": 0.6446546536796537,
        "n": 100
      },
      "recall_at_k": {
        "mean": 1.0,
        "lo": 1.0,
        "hi": 1.0,
        "n": 100
      }
    }
  },
  "n_excluded": 0
}