{
  "results": {
    "0": {
      "em": {
        "mean": 0.6363636363636364,
        "lo": 0.5252525252525253,
        "hi": 0.7272727272727273,
        "n": 99
      },
      "f1": {
        "mean": 0.7084349993440904,
        "lo": 0.6130976430976431,
        "hi": 0.7855833224015042,
        "n": 99
      },
      "recall_at_k": {
        "mean": 1.0,
        "lo": 1.0,
        "hi": 1.0,
        "n": 99
      }
    },
    "1": {
      "em": {
        "mean": 0.5858585858585859,
        "lo": 0.47474747474747475,
        "hi": 0.6767676767676768,
        "n": 99
      },
      "f1": {
        "mean": 0.6560540469631378,
        "lo": 0.5640092483274302,
        "hi": 0.7380417814508725,
        "n": 99
      },
      "recall_at_k": {
        "mean": 1.0,
        "lo": 1.0,
        "hi": 1.0,
        "n": 99
      }
    },
    "2": {
      "em": {
        "mean": 0.5959595959595959,
        "lo": 0.48484848484848486,
        "hi": 0.6767676767676768,
        "n": 99
      },
      "f1": {
        "mean": 0.6568915536829976,
        "lo": 0.5642822161003981,
        "hi": 0.7390577342047929,
        "n": 99
      },
      "recall_at_k": {
        "mean": 1.0,
        "lo": 1.0,
        "hi": 1.0,
        "n": 99
      }
    },
    "4": {
      "em": {
        "mean": 0.5757575757575758,
        "lo": 0.46464646464646464,
        "hi": 0.6666666666666666,
        "n": 99
      },
      "f1": {
        "mean": 0.6368819336733775,
        "lo": 0.5453119043760755,
        "hi": 0.7124892675160055,
        "n": 99
      },
      "recall_at_k": {
        "mean": 1.0,
        "lo": 1.0,
        "hi": 1.0,
        "n": 99
      }
    },
    "8": {
      "em": {
        "mean": 0.5555555555555556,
        "lo": 0.4444444444444444,
        "hi": 0.6464646464646465,
        "n": 99
      },
      "f1": {
        "mean": 0.6341470142717914,
        "lo": 0.5395737599035282,
        "hi": 0.7113676385178168,
        "n": 99
      },
      "recall_at_k": {
        "mean": 1.0,
        "lo": 1.0,
        "hi": 1.0,
        "n": 99
      }
    }
  },
  "n_excluded": 1
}